<?xml version="1.0" encoding="UTF-8"?>
<project-private xmlns="http://www.netbeans.org/ns/project-private/1">
    <editor-bookmarks xmlns="http://www.netbeans.org/ns/editor-bookmarks/2" lastBookmarkId="0"/>
    <open-files xmlns="http://www.netbeans.org/ns/projectui-open-files/2">
        <group>
            <file>file:/C:/Users/OKECHUKU%20CHIKELU/OneDrive/Documents/NetBeansProjects/AccountValidation/src/accountvalidation/AccountValidation.java</file>
            <file>file:/C:/Users/OKECHUKU%20CHIKELU/OneDrive/Documents/NetBeansProjects/AccountValidation/src/accountvalidation/Login.java</file>
            <file>file:/C:/Users/OKECHUKU%20CHIKELU/OneDrive/Documents/NetBeansProjects/AccountValidation/test/accountvalidation/LoginIT.java</file>
        </group>
    </open-files>
</project-private>
